rank_in_local_results,firm,website,google_rating,google_reviews,years_in_business_min,gbp_open_24_hours,ads_transparency_creatives,advertiser_name,reviews_5,reviews_4,reviews_3,reviews_2,reviews_1,note
1,Malman Law,malmanlaw.com,4.8,5300,30,yes,67,"Law Offices of Steven J. Malman & Associates, P.C.",4885,141,28,30,206,
2,Lerner and Rowe Injury Attorneys,lernerandrowe.com,4.9,1200,10,yes,600,"On Target Media, Inc.",1119,21,4,4,28,
3,"Abels & Annes, P.C.",daveabels.com,5.0,248,15,yes,0,,245,1,1,0,1,
4,Attorneys of Chicago Personal Injury Lawyers,attorneysofchicago.com,4.9,140,10,yes,0,,138,0,0,0,2,
5,"The Kryder Law Group, LLC",kryderlaw.com,4.9,556,20,yes,27,"The Kryder Law Group, LLC",523,16,3,0,14,
6,Ankin Law,ankinlaw.com,4.8,1400,25,yes,47,Ankin Law Offices LLC,1250,54,12,16,33,
7,"Horwitz, Horwitz & Associates, Ltd.",horwitzlaw.com,4.9,1100,100,yes,19,"Horwitz, Horwitz and Associates, LTD",1092,9,5,2,20,
8,Rosenfeld Injury Lawyers LLC,rosenfeldinjurylaw.com,4.8,441,7,yes,60,"Rosenfeld Injury Lawyers, LLC",413,11,3,2,12,
9,Morgan & Morgan,forthepeople.com,4.8,2200,35,yes,7000,"Morgan & Morgan, P.A.",1863,160,64,20,47,
10,Midwest Injury Lawyers,midwestinjurylawyers.com,5.0,137,5,yes,16,"Midwest Injury Lawyers, LLC",136,0,1,0,0,
11,844SeeMike Personal Injury Lawyers,844seemike.com,4.9,1300,10,yes,7,"Agruss Law Firm, LLC",1243,18,6,4,24,
12,Gainsberg Injury and Accident Lawyers,gainsberglaw.com,4.9,519,25,yes,7,Digital Law Marketing,500,7,2,0,10,
13,Costa Ivone Injury Lawyers - Chicago,costaivone.com,4.7,1300,10,yes,21,"Costa Ivone, LLC",1130,25,13,7,83,
14,Phillips Law Offices,phillipslawoffices.com,4.9,115,75,yes,36,Phillips Law Offices,111,0,0,1,3,
15,Connolly Injury Law - Chicago Workers Comp Lawyer,connollyinjurylaw.com,5.0,234,5,yes,0,,232,2,0,0,0,
16,"Staver Accident Injury Lawyers, P.C.",chicagolawyer.com,4.9,326,25,yes,8,"Staver Accident Injury Lawyers, P.C.",319,1,2,1,3,
17,Chicago Personal Injury & Car Accident Lawyers - Shammas Law,shammas-law.com,5.0,194,15,yes,0,,194,0,0,0,0,
18,Zayed Law Personal Injury Attorneys,zayedlawoffices.com,4.8,595,15,yes,67,"Law Offices of Adam J. Zayed, P.C.",560,10,3,3,19,
19,Powell and Pisman,powellpisman.com,4.8,455,10,yes,0,,433,5,1,1,15,
20,TopDog Law Personal Injury Lawyers,topdoglaw.com,4.8,886,7,yes,2000,Helm Law Group LLC,771,81,5,3,26,
21,"Flanagan Injury Law Group, LLC",windycityinjury.com,4.9,179,7,yes,0,,172,2,0,0,5,
22,Levin & Perconti,levinperconti.com,4.7,616,30,yes,11,Levin & Perconti,556,11,6,7,36,
23,"Salvi, Schostok & Pritchard P.C.",salvilaw.com,4.8,221,40,yes,20,Kinetic Sequence LLC,207,3,0,1,10,
24,TorHoerman Law: Injury & Car Accident Lawyers Chicago,torhoermanlaw.com,5.0,95,15,yes,0,,91,4,0,0,0,
25,Strom Yen Injury Attorneys of Illinois,stromlawyers.com,4.9,243,45,yes,0,,234,5,1,0,3,
26,Levinson and Stefani Injury Lawyers,levinsonstefani.com,5.0,210,30,yes,0,,206,4,0,0,0,
27,Car Accident Lawyer Sean O'Bryan,obryanlaw.net,5.0,69,40,yes,0,,69,0,0,0,0,
28,Trapp & Geller,trapplaw.com,5.0,237,25,no,3,Trapp and Geller PC,233,2,0,0,2,
29,"Michael D. Mannis, Ltd.",mannislaw.com,5.0,312,35,yes,0,,303,7,0,0,2,
30,Shuman Legal Personal Injury Lawyers,shumanlegal.com,4.8,399,30,yes,3,Shuman Legal,368,12,2,2,15,
31,Disparti Law Group,dispartilaw.com,4.7,3500,20,yes,1,Disparti Law Group,3116,129,36,30,157,
32,Chicago Injury Lawyers,workingmanlaw.com,4.8,72,10,yes,0,,,,,,,
33,Walner Law,walnerlaw.com,4.4,553,50,yes,45,"Harvey L. Walner and Associates, LTD",455,21,10,4,63,
34,"Willens & Baez Personal Injury Lawyers, P.C.",willenslaw.com,5.0,161,30,yes,4,Willens Law Offices PC,159,0,1,0,1,
35,Chicago Medical Malpractice Lawyers,chicagomedmal.com,4.9,57,15,yes,0,,56,0,0,0,1,
36,Eames Law Group,eamesinjurylaw.com,4.9,97,10,yes,0,,94,0,0,0,3,
37,"Stephen R. Martay, Attorney At Law",martaylaw.com,4.9,454,15,no,0,,436,14,2,1,1,
38,"Shapiro, Cohen & Basinger, Trial Lawyers",scb-lawyers.com,4.9,66,45,yes,0,,64,0,0,0,2,
39,"Keating Law Offices, P.C.",keatinglegal.com,5.0,61,15,yes,26,"KEATING LAW OFFICES, P.C.",61,0,0,0,0,
40,VanDerGinst Law - Personal Injury Lawyers,vlaw.com,4.9,114,20,yes,0,,110,2,1,0,1,
41,The Horwitz Law Group,chicago-personal-injury-lawyers.us,4.8,119,20,no,0,,110,6,0,0,3,
42,"Taxman, Pollock, & Bekkerman, LLC Trial Attorneys - Chicago",tpmblegal.com,4.8,324,7,yes,0,,299,14,2,1,8,
43,"Goldberg & Goldberg, LLC",goldberglaw.com,4.9,73,60,no,0,,71,0,0,0,2,
44,MSL: Personal Injury Lawyers,motorcyclesafetylawyers.com,5.0,380,25,yes,0,,375,5,0,0,0,
45,Schwaner Injury Law,schwanerinjury.com,5.0,69,5,yes,3,SCHWANER INJURY LAW LLC,68,1,0,0,0,
46,Leonard Law Group,leonardlawgroup.net,4.9,552,30,no,18,Leonard Law Group LLC,531,9,2,2,8,
47,"McHargue & Jones, LLC",mcharguelaw.com,4.6,398,25,no,2,Matthew Jones,347,14,6,4,27,
48,Lloyd Miller Law,myaccidentlaw.com,4.7,129,20,yes,0,,119,1,2,0,7,
49,Law Offices of Joseph Younes,chicagoaccidentattorney.net,5.0,107,40,no,0,,107,0,0,0,0,
50,Kennedy Watkins Injury Attorneys,kennedywatkins.com,5.0,98,7,yes,0,,97,0,1,0,0,
51,McCreadyLaw Injury Attorneys,mccreadylaw.com,4.9,313,25,no,2,"MCCREADY, MICHAEL ATTORNEY AT LAW",808,17,5,9,63,office-may-differ-from-local-listing
52,Trauma Lawyers,traumalawyers.com,5.0,82,15,no,0,,82,0,0,0,0,
53,Kramer Injury Law LLC,kramerinjurylaw.com,5.0,56,7,no,1,Kramer Injury Law,56,0,0,0,0,
54,TORKLAW,torklaw.com,4.7,84,10,yes,27,"TORKLAW, A PROFESSIONAL CORPORATION",77,1,0,0,6,
55,McDevitt & Cobb - Chicago Car Accident & Personal Injury Attorneys,mcdevittlaw.com,4.9,104,10,yes,4,Daniel J. McDevitt,101,1,0,0,2,
56,Riz Injury Law,rizinjurylaw.com,4.9,148,3,yes,0,,146,0,0,0,2,
57,The Personal Injury Lawyers,thepersonalinjurylawyers.com,4.7,72,10,no,0,,,,,,,
58,"Power Rogers, LLP",powerrogers.com,5.0,80,40,no,0,,79,0,0,0,1,
59,Karns & Karns Personal Injury and Accident Attorneys,karnsandkarns.com,5.0,37,,yes,4,(unverified advertiser),37,0,0,0,0,
60,"Gordon Injury Lawyers, P.C.",gordoninjurylawyers.com,5.0,81,7,no,0,,80,0,0,0,1,
61,"Anesi Ozmon, LTD",anesilaw.com,4.8,118,70,no,0,,108,5,1,0,4,
62,Budin Law Offices,budinlawoffices.com,4.9,122,40,no,0,,119,0,1,1,1,
63,"Lane Brown, LLC",lanebrownlaw.com,4.8,74,35,yes,0,,69,1,0,0,4,
64,Blumenshine Law Group,blumenshinelawgroup.com,4.9,41,35,yes,1,James Clark,39,1,0,0,1,
65,"Romanucci & Blandin, LLC",rblaw.net,4.7,192,25,yes,12,"Romanucci & Blandin, LLC",176,0,0,1,15,
66,Allen Law Group,allenlawgroup.com,4.9,101,30,yes,0,,98,0,0,0,3,
67,Albrecht Law Office,albrechtinjurylaw.com,5.0,92,7,no,0,,92,0,0,0,0,
68,Clifford Law Offices PC,cliffordlaw.com,4.3,69,40,yes,1,Clifford Law Offices,57,0,0,3,9,
69,"LaMonica & Sprague, LLC",lamonicasprague.com,5.0,48,5,yes,0,,48,0,0,0,0,
70,CHH Law,chhlaw.com,4.9,88,15,yes,49,William Anthony Cirignani / Third Street Partners,86,0,0,0,2,
71,Postman Law I Chicago Personal Injury Attorneys,postmanlaw.com,4.6,190,,yes,200,Postman Law LLC,161,13,3,1,12,
72,The Illinois Hammer Injury Law Firm Dworkin & Maciariello,illinoishammer.com,4.5,2200,30,no,8,"Law Offices of Bradley S. Dworkin, P.C.",1879,96,27,27,208,
73,Gosuits Personal Injury and Accident Lawyers – Chicago,gosuits.com,5.0,5,15,yes,5,Gosuits.com,5,0,0,0,0,
74,GWC Injury Lawyers,gwclaw.com,4.7,474,45,yes,5,Louis C. Cairo,428,17,2,3,24,
75,"Katz, Friedman, Eisenstein, Johnson, Bareck & Bertuca",kfeej.com,4.7,232,45,yes,0,,212,4,0,1,15,
76,"Sklare Law Group, LTD.",sklarelaw.com,4.6,227,10,yes,0,,197,7,2,2,19,
77,Fabbrini Law Group,windycitylawfirm.com,4.8,216,20,yes,35,"FABBRINI LAW GROUP, LLC",201,4,1,0,10,
78,Tus Abogados de Accidentes de Trabajo Laboral Personal Injury Lawyers,abogadosdeaccidentesdetrabajo.com,4.9,74,10,yes,0,,,,,,,
79,Chicago Injury Law LLC,chicagoinjurylaw.com,5.0,3,30,yes,0,,,,,,,
80,Conboy Law Injury & Medical Malpractice Lawyers - Chicago,conboylaw.com,4.7,27,7,yes,0,,25,0,0,0,2,
81,"Saks, Robinson & Rittenberg, Ltd.",cookcountyinjurylaw.com,5.0,75,45,no,0,,72,3,0,0,0,
82,Gerald F. Connor,geraldfconnorlaw.com,5.0,194,5,no,0,,193,0,0,0,1,
83,"Mark L. Karno & Associates, LLC - Chicago",karnolaw.com,4.6,85,30,yes,0,,74,3,1,1,6,
84,Briskman Briskman & Greenberg Personal Injury & Car Accident Lawyers,briskmanandbriskman.com,4.4,142,35,yes,13,Briskman Briskman & Greenberg,114,5,3,2,18,
85,"McNabola & Associates, LLC",mcnabolalaw.com,4.8,35,10,no,0,,33,0,0,0,2,
86,DJC Law,djclaw.com,4.7,84,5,yes,0,,75,3,0,1,5,
87,Thomas Law Offices,thomaslawchicago.com,5.0,15,15,yes,0,,,,,,,
88,"The Law Offices of Jason H. Rubens, P.C.",chicagoworkcomp.com,4.3,58,10,yes,10,Jason Rubens,46,3,0,0,9,
89,Law Tigers Motorcycle Accident Lawyers - Chicago,lawtigers.com,5.0,105,25,yes,600,AAMIL dba Law Tigers (national),104,1,0,0,0,
90,Chicago Collision Attorneys,chicagocollisionattorneys.com,4.9,68,,no,0,,,,,,,
91,Rundio Injury Law,rundiolaw.com,5.0,31,10,yes,0,,31,0,0,0,0,
92,Curcio & Casciato,curciolaw.com,4.7,72,65,no,1,"Thomas J. Curcio, P.C.",66,1,0,0,5,
93,Berenz Law Network Professional Corporation,counseloroffices.net,5.0,33,25,yes,0,,33,0,0,0,0,
94,InjuryRights LLC,injuryrights.com,4.9,69,10,no,0,,67,0,1,0,1,
95,Elman Joseph Law Group,elmanlaw.com,4.6,127,30,yes,0,,111,4,0,1,11,
96,Corboy & Demetrio,corboydemetrio.com,3.6,45,70,yes,13,Corboy & Demetrio LLC,26,1,4,0,14,
97,The Romaker Law Firm,romakerlaw.com,4.7,127,15,no,0,,110,8,0,0,9,
98,"Driscoll Law Group, LLC",driscolllawgroup.com,5.0,44,3,no,0,,43,0,1,0,0,
99,"Law Offices of Michael J. Helfand LLC, Illinois Injury Legal Help",helfandlaw.com,4.6,91,25,yes,0,,83,0,0,0,8,
100,"Ryan, Ryan & Viglione",rrvlaw.com,4.9,15,10,no,0,,14,1,0,0,0,
