code,complaint,reviews,share_of_207
A,"No callback, unreachable, voicemail never returned",78,38%
C,"Slow case, years, no status updates",64,31%
D,"Money: smaller settlement than told, fees, check held",50,24%
B,"Case declined, dropped or made conditional after intake",41,20%
E,"Rude or dismissive staff or intake",33,16%
G,"Passed between lawyers or case managers, staff turnover",16,8%
F,"Phone screener took every detail, then nothing happened",12,6%
H,"Firm contacted the caller unprompted",7,3%
I,"Language or accent barrier",2,1%
J,"Other or unspecified",34,16%
,"Reviews with a response from the firm",88,43%
,"Source: 207 lowest-rated Google reviews at 11 Chicago personal injury firms (Malman Law; Disparti Law Group; Costa Ivone Injury Lawyers; Morgan & Morgan Chicago; Ankin Law; McHargue & Jones; TopDog Law; 844SeeMike / Agruss Law; GWC Injury Lawyers; Horwitz Horwitz & Associates; Zayed Law Offices), read 2026-10-06, sorted by Lowest rating on Google Maps, 15 to 30 per firm, one or more codes per review. CC BY 4.0, Copy for Originals.",,
