thread_id,url,date,relevant,owner_voice,channel,flagged_promo_or_research,T5_paid_and_got_no_cases_or_no_re,T4_junk_leads_wrong_practice_area,T16_market_too_expensive_for_the_b,T19_doing_it_themselves_or_in_hous,T12_overpromising,T11_generic_work_not_specific_to_t,T2_reports_show_clicks_impression,T8_paid_work_not_done,T3_reports_late_missing_or_imposs,T9_locked_into_a_long_contract,T15_the_firm_s_own_intake_was_the,T18_suspected_click_fraud,T6_agency_stopped_responding,T7_rotating_account_managers,T14_can_t_tell_which_leads_came_fr,T1_agency_controlled_the_account,T10_unclear_what_the_fee_buys_or_f,T13_leads_shared_with_other_firms,T17_a_vendor_tactic_that_may_break
17k7t7f,https://www.reddit.com/r/LawFirm/comments/17k7t7f/,2023-10-31,1,1,seo,0,0,0,0,0,0,0,0,0,0,0,0,0,0,0,0,0,0,0,0
17m8dz5,https://www.reddit.com/r/LawFirm/comments/17m8dz5/,2023-11-02,0,0,unclear,0,0,0,0,0,0,0,0,0,0,0,0,0,0,0,0,0,0,0,0
17u9f26,https://www.reddit.com/r/LawFirm/comments/17u9f26/,2023-11-13,1,1,mixed,1,1,1,0,1,0,0,0,0,0,0,0,0,0,0,0,0,0,0,0
17w73bo,https://www.reddit.com/r/LawFirm/comments/17w73bo/,2023-11-15,1,1,unclear,0,0,0,0,0,0,0,0,0,0,0,0,0,0,0,0,0,0,0,0
17y4ph8,https://www.reddit.com/r/LawFirm/comments/17y4ph8/,2023-11-18,1,1,lead_gen,0,0,0,0,0,0,0,0,0,0,0,0,0,0,0,0,0,0,0,1
183u5ri,https://www.reddit.com/r/LawFirm/comments/183u5ri/,2023-11-25,1,1,mixed,0,0,0,0,0,0,0,0,0,0,0,0,0,0,0,0,0,0,0,0
183yb9d,https://www.reddit.com/r/LawFirm/comments/183yb9d/,2023-11-26,1,1,google_ads,1,0,0,0,0,0,0,0,0,0,0,0,0,0,0,0,0,0,0,0
185jmqa,https://www.reddit.com/r/LawFirm/comments/185jmqa/,2023-11-28,1,1,lsa,0,0,1,1,0,0,0,0,0,0,0,0,0,0,0,0,0,0,0,0
1868kzb,https://www.reddit.com/r/LawFirm/comments/1868kzb/,2023-11-28,1,0,social,1,0,0,0,0,0,0,0,0,0,0,0,0,0,0,0,0,0,0,0
18726rp,https://www.reddit.com/r/LawFirm/comments/18726rp/,2023-11-29,1,1,seo,0,0,0,0,0,0,0,0,0,0,0,0,0,0,0,0,0,0,0,0
186fmwh,https://www.reddit.com/r/LawFirm/comments/186fmwh/,2023-11-29,1,1,unclear,0,0,0,0,0,0,0,0,0,0,0,0,0,0,0,0,0,0,0,0
186hxm0,https://www.reddit.com/r/LawFirm/comments/186hxm0/,2023-11-29,1,0,lead_gen,1,0,0,0,0,0,0,0,0,0,0,0,0,0,0,0,0,0,0,0
187q2u6,https://www.reddit.com/r/LawFirm/comments/187q2u6/,2023-11-30,1,1,mixed,0,1,1,0,0,0,0,0,0,0,0,0,0,0,0,0,0,0,0,0
189yhh2,https://www.reddit.com/r/LawFirm/comments/189yhh2/,2023-12-03,1,1,mixed,0,0,0,0,0,0,0,0,0,0,0,0,0,0,0,0,0,0,0,0
18fiwps,https://www.reddit.com/r/LawFirm/comments/18fiwps/,2023-12-11,1,0,mixed,0,0,0,0,0,0,0,0,0,0,0,0,0,0,0,0,0,0,0,0
18krydp,https://www.reddit.com/r/LawFirm/comments/18krydp/,2023-12-17,1,0,google_ads,1,0,0,0,0,0,0,0,0,0,0,0,0,0,0,0,0,0,0,0
18pk75x,https://www.reddit.com/r/LawFirm/comments/18pk75x/,2023-12-24,1,1,mixed,0,1,1,1,0,1,0,0,0,0,0,0,0,0,0,0,0,0,0,0
18rg8ou,https://www.reddit.com/r/LawFirm/comments/18rg8ou/,2023-12-26,1,1,mixed,0,1,0,0,0,0,0,0,0,0,0,0,0,0,0,0,0,0,0,0
18sf8sb,https://www.reddit.com/r/LawFirm/comments/18sf8sb/,2023-12-27,1,0,social,1,0,0,0,0,0,0,0,0,0,0,0,0,0,0,0,0,0,0,0
18x9ivy,https://www.reddit.com/r/LawFirm/comments/18x9ivy/,2024-01-03,1,0,social,0,0,0,0,0,0,0,0,0,0,0,0,0,0,0,0,0,0,0,0
19253c1,https://www.reddit.com/r/LawFirm/comments/19253c1/,2024-01-09,1,1,seo,1,1,0,0,0,0,0,0,1,1,1,0,0,0,0,1,0,0,0,0
194dxcv,https://www.reddit.com/r/LawFirm/comments/194dxcv/,2024-01-11,1,1,seo,0,0,0,0,1,0,0,0,0,0,0,0,0,0,0,0,0,0,0,0
195g22f,https://www.reddit.com/r/LawFirm/comments/195g22f/,2024-01-13,0,0,unclear,0,0,0,0,0,0,0,0,0,0,0,0,0,0,0,0,0,0,0,0
19a4u9u,https://www.reddit.com/r/LawFirm/comments/19a4u9u/,2024-01-18,1,1,mixed,0,0,0,0,1,0,0,0,0,0,0,0,0,0,0,0,0,0,0,0
19bzmx8,https://www.reddit.com/r/LawFirm/comments/19bzmx8/,2024-01-21,1,1,mixed,0,0,0,0,1,0,0,0,1,0,0,0,0,0,0,0,0,0,0,0
19evn6s,https://www.reddit.com/r/LawFirm/comments/19evn6s/,2024-01-25,0,0,unclear,0,0,0,0,0,0,0,0,0,0,0,0,0,0,0,0,0,0,0,0
19f9lau,https://www.reddit.com/r/LawFirm/comments/19f9lau/,2024-01-25,1,1,mixed,1,1,0,1,1,0,0,0,0,0,0,0,0,0,0,0,0,0,0,0
1aljrjv,https://www.reddit.com/r/LawFirm/comments/1aljrjv/,2024-02-08,1,1,lead_gen,1,0,1,0,0,0,0,0,0,0,1,0,0,0,0,0,0,0,0,0
1ap3cn7,https://www.reddit.com/r/LawFirm/comments/1ap3cn7/,2024-02-12,0,0,unclear,0,0,0,0,0,0,0,0,0,0,0,0,0,0,0,0,0,0,0,0
1aqao20,https://www.reddit.com/r/LawFirm/comments/1aqao20/,2024-02-14,1,1,lead_gen,0,1,1,0,0,0,0,0,0,0,0,0,0,0,0,0,0,0,0,0
1aquqij,https://www.reddit.com/r/LawFirm/comments/1aquqij/,2024-02-14,1,1,mixed,0,1,0,1,0,0,0,0,0,0,0,0,0,0,0,0,0,0,0,0
1as2str,https://www.reddit.com/r/LawFirm/comments/1as2str/,2024-02-16,1,0,lead_gen,0,0,0,0,0,0,0,0,0,0,0,0,0,0,0,0,0,0,0,0
1auuxob,https://www.reddit.com/r/LawFirm/comments/1auuxob/,2024-02-19,1,0,mixed,1,0,0,0,0,0,0,0,0,0,0,0,0,0,0,0,0,0,0,0
1av7kck,https://www.reddit.com/r/LawFirm/comments/1av7kck/,2024-02-20,1,1,google_ads,0,0,0,0,0,0,0,0,0,0,0,0,0,0,0,0,0,0,0,0
1aw9fxa,https://www.reddit.com/r/LawFirm/comments/1aw9fxa/,2024-02-21,0,0,unclear,0,0,0,0,0,0,0,0,0,0,0,0,0,0,0,0,0,0,0,0
1ay6v7f,https://www.reddit.com/r/LawFirm/comments/1ay6v7f/,2024-02-23,0,0,unclear,0,0,0,0,0,0,0,0,0,0,0,0,0,0,0,0,0,0,0,0
1b3wcv9,https://www.reddit.com/r/LawFirm/comments/1b3wcv9/,2024-03-01,1,1,mixed,0,0,0,1,0,0,0,0,0,0,0,0,0,0,0,0,0,0,0,0
1b8h0qj,https://www.reddit.com/r/LawFirm/comments/1b8h0qj/,2024-03-07,1,1,seo,1,1,0,1,0,0,0,0,0,0,0,0,0,0,0,0,0,0,0,0
1bgx64q,https://www.reddit.com/r/LawFirm/comments/1bgx64q/,2024-03-17,1,1,mixed,0,0,0,0,0,1,0,0,0,0,0,0,0,0,0,0,0,0,0,0
1bv0xup,https://www.reddit.com/r/LawFirm/comments/1bv0xup/,2024-04-03,1,1,mixed,0,0,0,0,1,0,0,0,0,0,0,0,0,0,0,0,0,0,0,0
1bugzmt,https://www.reddit.com/r/LawFirm/comments/1bugzmt/,2024-04-03,0,0,unclear,1,0,0,0,0,0,0,0,0,0,0,0,0,0,0,0,0,0,0,0
1by46xk,https://www.reddit.com/r/LawFirm/comments/1by46xk/,2024-04-07,1,1,mixed,1,0,0,0,0,0,0,0,0,0,0,0,0,0,0,0,0,0,0,0
1c6g4bp,https://www.reddit.com/r/LawFirm/comments/1c6g4bp/,2024-04-17,1,1,lead_gen,0,0,1,0,0,0,0,0,0,0,0,1,0,0,0,0,0,0,0,0
1c7ra7g,https://www.reddit.com/r/LawFirm/comments/1c7ra7g/,2024-04-19,1,1,seo,1,1,0,0,0,0,0,0,0,0,0,1,0,0,0,0,0,0,0,0
1cgxktk,https://www.reddit.com/r/LawFirm/comments/1cgxktk/,2024-04-30,0,0,unclear,0,0,0,0,0,0,0,0,0,0,0,0,0,0,0,0,0,0,0,0
1chmy3e,https://www.reddit.com/r/LawFirm/comments/1chmy3e/,2024-05-01,1,1,social,0,1,0,0,1,0,0,0,0,0,0,0,0,0,0,1,0,0,0,0
1clnmgd,https://www.reddit.com/r/LawFirm/comments/1clnmgd/,2024-05-06,1,1,website,0,0,0,0,1,0,0,0,0,0,0,0,0,0,0,0,0,0,0,0
1cn8ukw,https://www.reddit.com/r/LawFirm/comments/1cn8ukw/,2024-05-08,1,0,seo,0,0,0,0,0,0,0,0,0,0,0,0,0,0,0,0,0,0,0,0
1cndcy8,https://www.reddit.com/r/LawFirm/comments/1cndcy8/,2024-05-08,1,1,mixed,1,0,0,0,0,0,0,0,0,0,0,0,0,0,0,0,0,0,0,0
1cn3xug,https://www.reddit.com/r/LawFirm/comments/1cn3xug/,2024-05-08,1,1,mixed,1,0,0,1,0,0,0,0,0,0,0,0,1,0,0,0,0,0,0,0
1ctd4oj,https://www.reddit.com/r/LawFirm/comments/1ctd4oj/,2024-05-16,1,1,mixed,0,0,0,1,0,0,0,0,0,0,0,0,0,0,0,0,0,0,0,0
1cumfbg,https://www.reddit.com/r/LawFirm/comments/1cumfbg/,2024-05-18,1,1,social,1,1,0,0,1,0,0,0,0,0,0,0,0,0,0,0,0,0,0,0
1cwen2z,https://www.reddit.com/r/LawFirm/comments/1cwen2z/,2024-05-20,0,0,unclear,0,0,0,0,0,0,0,0,0,0,0,0,0,0,0,0,0,0,0,0
1d5ztwq,https://www.reddit.com/r/LawFirm/comments/1d5ztwq/,2024-06-01,0,0,unclear,0,0,0,0,0,0,0,0,0,0,0,0,0,0,0,0,0,0,0,0
1d6km87,https://www.reddit.com/r/LawFirm/comments/1d6km87/,2024-06-02,1,1,social,0,1,0,0,0,0,0,0,0,0,0,0,0,0,0,0,0,0,0,0
1d6m8zu,https://www.reddit.com/r/LawFirm/comments/1d6m8zu/,2024-06-02,0,0,unclear,0,0,0,0,0,0,0,0,0,0,0,0,0,0,0,0,0,0,0,0
1ddp2kf,https://www.reddit.com/r/LawFirm/comments/1ddp2kf/,2024-06-11,1,1,lead_gen,1,0,1,0,0,0,0,0,0,0,0,0,0,0,0,0,0,0,0,1
1di19hl,https://www.reddit.com/r/LawFirm/comments/1di19hl/,2024-06-17,1,1,website,0,1,0,0,1,0,1,0,0,0,0,0,0,0,0,0,0,0,0,0
1dlwl5a,https://www.reddit.com/r/LawFirm/comments/1dlwl5a/,2024-06-22,1,1,unclear,0,0,0,0,0,0,0,0,0,0,0,1,0,0,0,0,0,0,0,0
1dprdv2,https://www.reddit.com/r/LawFirm/comments/1dprdv2/,2024-06-27,1,1,seo,1,0,0,0,0,0,0,0,0,0,0,0,0,0,0,0,0,0,0,0
1dt8q9t,https://www.reddit.com/r/LawFirm/comments/1dt8q9t/,2024-07-02,1,1,mixed,1,0,1,1,1,0,0,0,0,0,0,0,0,0,0,0,0,0,0,0
1dwdwh6,https://www.reddit.com/r/LawFirm/comments/1dwdwh6/,2024-07-06,1,0,mixed,0,0,0,0,0,0,0,0,0,0,0,0,0,0,0,0,0,0,0,0
1dz1wnz,https://www.reddit.com/r/LawFirm/comments/1dz1wnz/,2024-07-09,1,1,mixed,1,0,0,0,0,0,0,0,0,0,0,0,0,0,0,0,0,0,0,0
1dzency,https://www.reddit.com/r/LawFirm/comments/1dzency/,2024-07-09,1,1,mixed,0,0,0,0,0,0,0,0,0,0,0,0,0,0,0,0,0,0,0,0
1e3z2q6,https://www.reddit.com/r/LawFirm/comments/1e3z2q6/,2024-07-15,1,1,lead_gen,0,1,1,0,0,0,0,0,0,0,0,0,0,0,0,0,0,0,1,0
1e4ew1k,https://www.reddit.com/r/LawFirm/comments/1e4ew1k/,2024-07-16,1,1,mixed,0,0,1,0,1,0,0,0,0,0,0,0,0,0,0,0,0,0,0,0
1e60zwz,https://www.reddit.com/r/LawFirm/comments/1e60zwz/,2024-07-18,1,0,mixed,1,0,0,0,0,0,0,0,0,0,0,0,0,0,0,0,0,0,0,0
1ebeb53,https://www.reddit.com/r/LawFirm/comments/1ebeb53/,2024-07-24,1,0,lead_gen,0,0,0,0,0,0,0,0,0,0,0,0,0,0,0,0,0,0,0,0
1ebe2gw,https://www.reddit.com/r/LawFirm/comments/1ebe2gw/,2024-07-24,1,1,google_ads,0,0,1,0,0,0,0,0,0,0,0,0,0,0,0,0,0,0,0,0
1eduywo,https://www.reddit.com/r/LawFirm/comments/1eduywo/,2024-07-28,1,1,google_ads,1,0,0,0,0,0,0,0,1,0,0,0,0,0,0,0,0,0,0,0
1eemfg8,https://www.reddit.com/r/LawFirm/comments/1eemfg8/,2024-07-29,1,1,mixed,0,0,0,0,0,0,0,0,0,0,0,0,0,0,0,0,0,0,0,0
1eg026u,https://www.reddit.com/r/LawFirm/comments/1eg026u/,2024-07-30,1,0,lead_gen,1,0,0,0,0,0,0,0,0,0,0,0,0,0,0,0,0,0,0,0
1egi64x,https://www.reddit.com/r/LawFirm/comments/1egi64x/,2024-07-31,1,0,seo,1,0,0,0,0,0,0,0,0,0,0,0,0,0,0,0,0,0,0,0
1ekrwhd,https://www.reddit.com/r/LawFirm/comments/1ekrwhd/,2024-08-05,1,1,seo,0,0,0,1,0,0,0,0,0,0,0,0,0,0,0,0,0,0,0,0
1etvzu5,https://www.reddit.com/r/LawFirm/comments/1etvzu5/,2024-08-16,0,0,unclear,0,0,0,0,0,0,0,0,0,0,0,0,0,0,0,0,0,0,0,0
1eywe51,https://www.reddit.com/r/LawFirm/comments/1eywe51/,2024-08-22,1,1,seo,0,1,0,0,0,0,0,0,0,0,0,0,0,0,0,0,0,0,0,0
1eyjitw,https://www.reddit.com/r/LawFirm/comments/1eyjitw/,2024-08-22,1,1,lsa,0,0,0,0,0,0,0,0,0,0,0,0,0,0,0,0,0,0,0,0
1f2m13v,https://www.reddit.com/r/LawFirm/comments/1f2m13v/,2024-08-27,1,1,seo,0,0,0,0,0,0,0,0,0,0,0,0,0,0,0,0,0,0,0,0
1f2kn5u,https://www.reddit.com/r/LawFirm/comments/1f2kn5u/,2024-08-27,1,1,google_ads,0,0,0,0,1,0,0,0,0,0,0,0,0,0,0,0,0,0,0,0
1f5lr1y,https://www.reddit.com/r/LawFirm/comments/1f5lr1y/,2024-08-31,1,1,mixed,1,1,0,0,0,0,0,0,0,0,0,0,0,0,0,0,0,0,0,0
1fcvvns,https://www.reddit.com/r/LawFirm/comments/1fcvvns/,2024-09-09,1,1,mixed,0,0,0,0,0,0,0,0,0,0,0,0,0,0,0,0,0,0,0,0
1fhmkml,https://www.reddit.com/r/LawFirm/comments/1fhmkml/,2024-09-15,1,1,mixed,0,1,0,0,1,0,0,0,0,0,0,0,0,0,0,0,0,0,0,0
1fi48t1,https://www.reddit.com/r/LawFirm/comments/1fi48t1/,2024-09-16,0,0,unclear,0,0,0,0,0,0,0,0,0,0,0,0,0,0,0,0,0,0,0,0
1fk4735,https://www.reddit.com/r/LawFirm/comments/1fk4735/,2024-09-18,1,0,unclear,1,0,0,0,0,0,0,0,0,0,0,0,0,0,0,0,0,0,0,0
1fk49a9,https://www.reddit.com/r/LawFirm/comments/1fk49a9/,2024-09-18,0,0,unclear,1,0,0,0,0,0,0,0,0,0,0,0,0,0,0,0,0,0,0,0
1fkmqpj,https://www.reddit.com/r/LawFirm/comments/1fkmqpj/,2024-09-19,1,1,lsa,0,0,0,0,0,0,0,0,0,0,0,0,0,0,0,1,0,0,0,0
1fl7mwz,https://www.reddit.com/r/LawFirm/comments/1fl7mwz/,2024-09-20,1,1,lead_gen,1,0,1,0,0,0,0,0,0,0,0,0,0,0,0,0,0,0,0,1
1fnjty2,https://www.reddit.com/r/LawFirm/comments/1fnjty2/,2024-09-23,1,1,lead_gen,1,0,1,0,1,1,0,0,0,0,0,0,0,0,0,0,0,0,0,0
1fpm5iw,https://www.reddit.com/r/LawFirm/comments/1fpm5iw/,2024-09-26,1,1,seo,1,1,0,0,0,1,0,0,0,0,0,0,0,0,0,0,0,0,0,0
1ftuq4t,https://www.reddit.com/r/LawFirm/comments/1ftuq4t/,2024-10-01,1,0,mixed,1,0,0,0,0,0,0,0,0,0,0,0,0,0,0,0,0,0,0,0
1fubhm6,https://www.reddit.com/r/LawFirm/comments/1fubhm6/,2024-10-02,1,1,mixed,1,0,0,0,0,0,0,0,0,0,0,0,0,0,0,0,0,0,0,0
1fxtisa,https://www.reddit.com/r/LawFirm/comments/1fxtisa/,2024-10-06,0,0,unclear,0,0,0,0,0,0,0,0,0,0,0,0,0,0,0,0,0,0,0,0
1g3tvdv,https://www.reddit.com/r/LawFirm/comments/1g3tvdv/,2024-10-14,1,1,mixed,0,0,1,0,1,0,0,0,0,0,0,1,0,0,0,0,0,0,0,0
1g44ykc,https://www.reddit.com/r/LawFirm/comments/1g44ykc/,2024-10-15,1,0,lsa,0,0,0,0,0,0,0,0,0,0,0,0,0,0,0,0,0,0,0,0
1g3z76w,https://www.reddit.com/r/LawFirm/comments/1g3z76w/,2024-10-15,0,0,unclear,0,0,0,0,0,0,0,0,0,0,0,0,0,0,0,0,0,0,0,0
1g7ij32,https://www.reddit.com/r/LawFirm/comments/1g7ij32/,2024-10-19,0,0,lead_gen,1,0,0,0,0,0,0,0,0,0,0,0,0,0,0,0,0,0,0,0
1gb43za,https://www.reddit.com/r/LawFirm/comments/1gb43za/,2024-10-24,1,1,mixed,0,0,1,0,0,0,0,0,0,0,0,1,0,0,0,0,0,0,0,0
1gdfypn,https://www.reddit.com/r/LawFirm/comments/1gdfypn/,2024-10-27,0,0,website,1,0,0,0,0,0,0,0,0,0,0,0,0,0,0,0,0,0,0,0
1ge6w4f,https://www.reddit.com/r/LawFirm/comments/1ge6w4f/,2024-10-28,1,1,seo,0,0,0,1,0,0,0,0,0,0,0,0,0,0,0,0,0,0,0,0
1gf9uhx,https://www.reddit.com/r/LawFirm/comments/1gf9uhx/,2024-10-30,1,0,google_ads,1,0,0,0,0,0,0,0,0,0,0,0,0,0,0,0,0,0,0,0
1ghg9u2,https://www.reddit.com/r/LawFirm/comments/1ghg9u2/,2024-11-01,0,0,unclear,0,0,0,0,0,0,0,0,0,0,0,0,0,0,0,0,0,0,0,0
1gh4yrz,https://www.reddit.com/r/LawFirm/comments/1gh4yrz/,2024-11-01,0,0,unclear,1,0,0,0,0,0,0,0,0,0,0,0,0,0,0,0,0,0,0,0
1gl3xy3,https://www.reddit.com/r/LawFirm/comments/1gl3xy3/,2024-11-06,1,1,mixed,0,0,0,1,1,0,0,0,0,0,0,1,0,0,0,0,0,0,0,0
1gkzh2l,https://www.reddit.com/r/LawFirm/comments/1gkzh2l/,2024-11-06,1,1,mixed,1,0,0,0,0,1,0,0,0,0,0,0,0,0,0,0,0,0,0,0
1gmbttm,https://www.reddit.com/r/LawFirm/comments/1gmbttm/,2024-11-08,1,1,seo,0,0,0,0,0,0,0,0,0,0,0,0,0,0,0,0,0,0,0,0
1gsoxrg,https://www.reddit.com/r/LawFirm/comments/1gsoxrg/,2024-11-16,1,1,mixed,1,1,0,0,0,0,0,0,0,0,0,1,0,0,0,0,0,0,0,0
1gt2m8h,https://www.reddit.com/r/LawFirm/comments/1gt2m8h/,2024-11-17,1,1,website,0,0,0,0,0,0,0,0,0,0,0,0,0,0,0,0,0,0,0,0
1gv7zjo,https://www.reddit.com/r/LawFirm/comments/1gv7zjo/,2024-11-19,0,0,unclear,0,0,0,0,0,0,0,0,0,0,0,0,0,0,0,0,0,0,0,0
1h4x6x0,https://www.reddit.com/r/LawFirm/comments/1h4x6x0/,2024-12-02,0,0,unclear,0,0,0,0,0,0,0,0,0,0,0,0,0,0,0,0,0,0,0,0
1h4yu3p,https://www.reddit.com/r/LawFirm/comments/1h4yu3p/,2024-12-02,1,1,mixed,1,0,0,0,0,0,0,0,0,0,0,0,0,0,0,0,0,0,0,0
1ha828y,https://www.reddit.com/r/LawFirm/comments/1ha828y/,2024-12-09,1,1,google_ads,1,1,0,1,0,0,0,0,0,0,0,0,0,0,0,0,0,0,0,0
1hgt407,https://www.reddit.com/r/LawFirm/comments/1hgt407/,2024-12-18,1,0,seo,1,0,0,0,0,0,0,0,0,0,0,0,0,0,0,0,0,0,0,0
1hhq7oj,https://www.reddit.com/r/LawFirm/comments/1hhq7oj/,2024-12-19,1,1,google_ads,0,0,1,0,0,1,0,0,0,0,0,0,0,0,0,0,0,0,0,0
1hhgvhb,https://www.reddit.com/r/LawFirm/comments/1hhgvhb/,2024-12-19,1,1,unclear,1,0,0,0,1,0,0,0,0,0,0,1,0,0,0,0,0,0,0,0
1hjh3wk,https://www.reddit.com/r/LawFirm/comments/1hjh3wk/,2024-12-21,1,1,seo,1,0,0,0,1,0,0,0,0,0,0,0,0,0,0,0,0,0,0,0
1hq28fv,https://www.reddit.com/r/LawFirm/comments/1hq28fv/,2024-12-31,1,1,seo,1,0,0,0,0,0,0,0,0,0,0,0,0,0,0,0,0,0,0,0
1hv2xsl,https://www.reddit.com/r/LawFirm/comments/1hv2xsl/,2025-01-06,1,1,lsa,1,0,1,1,0,0,0,0,0,0,0,0,0,0,0,0,0,0,0,0
1hwnf0b,https://www.reddit.com/r/LawFirm/comments/1hwnf0b/,2025-01-08,1,1,lsa,1,1,1,0,0,0,0,0,0,0,0,0,0,0,0,0,0,0,0,0
1hwp85b,https://www.reddit.com/r/LawFirm/comments/1hwp85b/,2025-01-08,1,1,lsa,0,0,1,1,0,0,0,0,0,0,0,0,0,0,0,0,0,0,0,0
1hxgkqm,https://www.reddit.com/r/LawFirm/comments/1hxgkqm/,2025-01-09,0,0,unclear,0,0,0,0,0,0,0,0,0,0,0,0,0,0,0,0,0,0,0,0
1i2vs1t,https://www.reddit.com/r/LawFirm/comments/1i2vs1t/,2025-01-16,1,0,google_ads,0,0,0,0,0,0,0,0,0,0,0,0,0,0,0,0,0,0,0,0
1i4azgy,https://www.reddit.com/r/LawFirm/comments/1i4azgy/,2025-01-18,1,1,mixed,1,0,1,1,1,1,0,0,0,0,0,0,0,0,0,0,0,0,0,0
1i5a9p7,https://www.reddit.com/r/LawFirm/comments/1i5a9p7/,2025-01-19,1,1,mixed,1,0,0,0,0,0,0,0,0,0,0,0,0,0,0,0,0,0,0,0
1i85wl6,https://www.reddit.com/r/LawFirm/comments/1i85wl6/,2025-01-23,1,1,mixed,1,0,0,0,0,0,0,0,0,0,0,0,0,0,0,0,0,0,0,0
1ieq3d6,https://www.reddit.com/r/LawFirm/comments/1ieq3d6/,2025-01-31,0,0,unclear,1,0,0,0,0,0,0,0,0,0,0,0,0,0,0,0,0,0,0,0
1ievrod,https://www.reddit.com/r/LawFirm/comments/1ievrod/,2025-02-01,1,0,mixed,1,0,0,0,0,0,0,0,0,0,0,0,0,0,0,0,0,0,0,0
1iilgwj,https://www.reddit.com/r/LawFirm/comments/1iilgwj/,2025-02-05,0,0,unclear,0,0,0,0,0,0,0,0,0,0,0,0,0,0,0,0,0,0,0,0
1iilrwr,https://www.reddit.com/r/LawFirm/comments/1iilrwr/,2025-02-05,1,1,mixed,1,0,0,0,0,0,0,0,0,0,0,0,0,0,0,0,0,0,0,0
1ilm5hv,https://www.reddit.com/r/LawFirm/comments/1ilm5hv/,2025-02-09,1,1,google_ads,0,1,1,0,0,0,0,0,0,0,0,0,0,0,0,0,0,0,0,0
1imaxmm,https://www.reddit.com/r/LawFirm/comments/1imaxmm/,2025-02-10,1,1,mixed,1,0,0,0,0,0,0,0,0,0,0,0,0,0,0,0,0,0,0,0
1inclr5,https://www.reddit.com/r/LawFirm/comments/1inclr5/,2025-02-11,1,1,lsa,0,0,1,1,0,0,0,0,0,0,0,0,0,0,0,0,0,0,0,0
1in0f37,https://www.reddit.com/r/LawFirm/comments/1in0f37/,2025-02-11,0,0,unclear,0,0,0,0,0,0,0,0,0,0,0,0,0,0,0,0,0,0,0,0
1iolq8n,https://www.reddit.com/r/LawFirm/comments/1iolq8n/,2025-02-13,1,1,mixed,0,0,0,0,1,0,0,0,0,0,0,0,0,0,0,1,0,0,0,0
1ioywj2,https://www.reddit.com/r/LawFirm/comments/1ioywj2/,2025-02-14,1,1,mixed,1,0,0,0,1,0,1,0,0,0,1,0,0,1,0,0,0,0,0,0
1ioxo5y,https://www.reddit.com/r/LawFirm/comments/1ioxo5y/,2025-02-14,1,0,mixed,0,0,0,0,0,0,0,0,0,0,0,0,0,0,0,0,0,0,0,0
1iy2ikp,https://www.reddit.com/r/LawFirm/comments/1iy2ikp/,2025-02-25,0,0,unclear,0,0,0,0,0,0,0,0,0,0,0,0,0,0,0,0,0,0,0,0
1j1602t,https://www.reddit.com/r/LawFirm/comments/1j1602t/,2025-03-01,0,0,unclear,1,0,0,0,0,0,0,0,0,0,0,0,0,0,0,0,0,0,0,0
1j575um,https://www.reddit.com/r/LawFirm/comments/1j575um/,2025-03-06,0,0,unclear,0,0,0,0,0,0,0,0,0,0,0,0,0,0,0,0,0,0,0,0
1jdslxw,https://www.reddit.com/r/LawFirm/comments/1jdslxw/,2025-03-18,1,1,mixed,1,0,1,0,0,0,0,0,0,0,0,0,0,0,0,0,0,0,0,0
1jf2531,https://www.reddit.com/r/LawFirm/comments/1jf2531/,2025-03-19,1,1,mixed,1,1,0,0,1,0,1,0,0,0,0,0,0,0,1,0,0,0,0,0
1jgn2uz,https://www.reddit.com/r/LawFirm/comments/1jgn2uz/,2025-03-21,1,1,mixed,1,1,0,0,0,0,0,0,0,0,0,0,0,0,0,0,0,0,0,0
1jki8q3,https://www.reddit.com/r/LawFirm/comments/1jki8q3/,2025-03-26,1,1,mixed,0,0,0,1,1,1,0,0,0,0,0,0,0,0,0,0,0,0,0,0
1jmpt0d,https://www.reddit.com/r/LawFirm/comments/1jmpt0d/,2025-03-29,1,1,seo,0,1,0,0,0,0,0,0,0,0,0,0,0,0,0,0,0,0,0,0
1jml5lb,https://www.reddit.com/r/LawFirm/comments/1jml5lb/,2025-03-29,1,1,lsa,1,1,0,0,0,0,0,0,0,0,0,0,0,0,0,0,0,0,0,0
1jodz0g,https://www.reddit.com/r/LawFirm/comments/1jodz0g/,2025-03-31,1,0,mixed,1,0,0,0,0,0,0,0,0,0,0,0,0,0,0,0,0,0,0,0
1juqxsj,https://www.reddit.com/r/LawFirm/comments/1juqxsj/,2025-04-08,1,1,mixed,1,0,0,1,0,0,0,0,0,0,0,0,0,0,0,0,0,0,0,0
1jz8eyz,https://www.reddit.com/r/LawFirm/comments/1jz8eyz/,2025-04-14,1,0,seo,1,0,0,0,0,0,0,0,0,0,0,0,0,0,0,0,0,0,0,0
1jzh02d,https://www.reddit.com/r/LawFirm/comments/1jzh02d/,2025-04-15,1,1,mixed,0,0,0,0,1,0,0,0,0,0,0,0,0,0,0,0,0,0,0,0
1k1ediz,https://www.reddit.com/r/LawFirm/comments/1k1ediz/,2025-04-17,1,1,mixed,1,1,1,0,0,0,0,0,0,0,0,0,0,0,0,0,0,0,0,0
1k1dtbc,https://www.reddit.com/r/LawFirm/comments/1k1dtbc/,2025-04-17,0,0,unclear,0,0,0,0,0,0,0,0,0,0,0,0,0,0,0,0,0,0,0,0
1k3rxoj,https://www.reddit.com/r/LawFirm/comments/1k3rxoj/,2025-04-20,1,0,google_ads,1,0,0,0,0,0,0,0,0,0,0,0,0,0,0,0,0,0,0,0
1k3ebzm,https://www.reddit.com/r/LawFirm/comments/1k3ebzm/,2025-04-20,1,1,seo,1,1,1,1,0,0,0,0,0,0,0,0,0,0,0,0,0,0,0,0
1k5gzvi,https://www.reddit.com/r/LawFirm/comments/1k5gzvi/,2025-04-22,0,0,unclear,1,0,0,0,0,0,0,0,0,0,0,0,0,0,0,0,0,0,0,0
1keb9yw,https://www.reddit.com/r/LawFirm/comments/1keb9yw/,2025-05-04,1,1,mixed,0,0,1,0,0,0,0,0,0,0,0,0,0,0,0,1,0,0,0,0
1khxr96,https://www.reddit.com/r/LawFirm/comments/1khxr96/,2025-05-08,1,0,lead_gen,1,0,0,0,0,0,0,0,0,0,0,0,0,0,0,0,0,0,0,0
1kipywo,https://www.reddit.com/r/LawFirm/comments/1kipywo/,2025-05-09,1,1,mixed,1,1,0,0,0,0,0,0,0,0,0,0,0,0,0,0,0,0,0,0
1klmx52,https://www.reddit.com/r/LawFirm/comments/1klmx52/,2025-05-13,0,0,unclear,1,0,0,0,0,0,0,0,0,0,0,0,0,0,0,0,0,0,0,0
1klh23q,https://www.reddit.com/r/LawFirm/comments/1klh23q/,2025-05-13,0,0,unclear,1,0,0,0,0,0,0,0,0,0,0,0,0,0,0,0,0,0,0,0
1klsgsv,https://www.reddit.com/r/LawFirm/comments/1klsgsv/,2025-05-13,0,0,unclear,1,0,0,0,0,0,0,0,0,0,0,0,0,0,0,0,0,0,0,0
1kn5d7s,https://www.reddit.com/r/LawFirm/comments/1kn5d7s/,2025-05-15,1,1,mixed,1,1,1,0,1,0,0,0,0,0,0,0,0,0,0,0,0,0,0,0
1kmz64r,https://www.reddit.com/r/LawFirm/comments/1kmz64r/,2025-05-15,1,1,mixed,1,0,0,0,0,0,1,0,0,0,0,0,0,0,0,0,0,0,0,0
1kqk1xb,https://www.reddit.com/r/LawFirm/comments/1kqk1xb/,2025-05-19,1,1,lead_gen,1,0,0,0,0,1,0,0,0,0,0,0,0,0,0,0,0,0,0,0
1kvvjpu,https://www.reddit.com/r/LawFirm/comments/1kvvjpu/,2025-05-26,1,1,mixed,1,1,0,0,1,1,0,0,0,0,0,0,0,0,0,0,0,0,0,0
1kx1njh,https://www.reddit.com/r/LawFirm/comments/1kx1njh/,2025-05-27,1,1,seo,1,1,0,0,1,0,0,0,0,0,0,0,0,0,0,0,0,0,0,0
1kxoc8a,https://www.reddit.com/r/LawFirm/comments/1kxoc8a/,2025-05-28,0,0,unclear,0,0,0,0,0,0,0,0,0,0,0,0,0,0,0,0,0,0,0,0
1kybmex,https://www.reddit.com/r/LawFirm/comments/1kybmex/,2025-05-29,1,1,lsa,1,1,1,1,0,0,0,0,0,0,0,0,0,0,0,0,0,0,0,0
1kz8ozn,https://www.reddit.com/r/LawFirm/comments/1kz8ozn/,2025-05-30,0,1,unclear,0,0,0,0,0,0,0,0,0,0,0,0,0,0,0,0,0,0,0,0
1kyq8co,https://www.reddit.com/r/LawFirm/comments/1kyq8co/,2025-05-30,1,1,lead_gen,1,1,0,0,0,0,0,0,0,0,0,0,0,0,0,0,0,0,0,0
1l098sw,https://www.reddit.com/r/LawFirm/comments/1l098sw/,2025-05-31,1,0,social,1,0,0,0,0,0,0,0,0,0,0,0,0,0,0,0,0,0,0,0
1l2rwzc,https://www.reddit.com/r/LawFirm/comments/1l2rwzc/,2025-06-04,1,0,seo,1,0,0,0,0,0,0,0,0,0,0,0,0,0,0,0,0,0,0,0
1l3hrp9,https://www.reddit.com/r/LawFirm/comments/1l3hrp9/,2025-06-04,1,1,seo,1,1,0,0,1,0,0,0,1,0,0,0,0,0,0,0,1,0,0,0
1l5ait1,https://www.reddit.com/r/LawFirm/comments/1l5ait1/,2025-06-07,0,0,unclear,0,0,0,0,0,0,0,0,0,0,0,0,0,0,0,0,0,0,0,0
1l8yl5w,https://www.reddit.com/r/LawFirm/comments/1l8yl5w/,2025-06-11,1,1,lead_gen,1,0,1,0,1,0,0,0,0,0,0,0,0,0,0,0,0,0,1,0
1l9fgm4,https://www.reddit.com/r/LawFirm/comments/1l9fgm4/,2025-06-12,0,0,unclear,1,0,0,0,0,0,0,0,0,0,0,0,0,0,0,0,0,0,0,0
1l9z493,https://www.reddit.com/r/LawFirm/comments/1l9z493/,2025-06-12,0,0,unclear,1,0,0,0,0,0,0,0,0,0,0,0,0,0,0,0,0,0,0,0
1lg46pa,https://www.reddit.com/r/LawFirm/comments/1lg46pa/,2025-06-20,1,1,mixed,1,0,0,0,0,0,0,0,0,0,0,0,0,0,0,0,0,0,0,0
1li44f2,https://www.reddit.com/r/LawFirm/comments/1li44f2/,2025-06-23,1,1,lead_gen,0,1,1,0,0,0,1,0,0,0,0,0,0,0,0,0,0,0,0,0
1lmmjfz,https://www.reddit.com/r/LawFirm/comments/1lmmjfz/,2025-06-28,1,1,seo,0,0,0,0,1,0,0,0,0,0,0,0,0,0,0,0,0,0,0,0
1lnwn89,https://www.reddit.com/r/LawFirm/comments/1lnwn89/,2025-06-30,0,0,unclear,0,0,0,0,0,0,0,0,0,0,0,0,0,0,0,0,0,0,0,0
1lopn9c,https://www.reddit.com/r/LawFirm/comments/1lopn9c/,2025-07-01,1,1,mixed,0,0,0,0,0,0,0,0,0,0,0,0,0,0,0,0,0,0,0,0
1lwuj39,https://www.reddit.com/r/LawFirm/comments/1lwuj39/,2025-07-11,0,0,unclear,1,0,0,0,0,0,0,0,0,0,0,0,0,0,0,0,0,0,0,0
1m4fb8x,https://www.reddit.com/r/LawFirm/comments/1m4fb8x/,2025-07-20,1,1,lead_gen,1,0,1,0,0,0,0,0,0,0,0,0,0,0,0,0,0,0,0,0
1m4fiz7,https://www.reddit.com/r/LawFirm/comments/1m4fiz7/,2025-07-20,1,1,mixed,0,1,1,1,0,0,0,0,0,1,1,1,0,0,0,1,1,0,0,0
1m5l4fk,https://www.reddit.com/r/LawFirm/comments/1m5l4fk/,2025-07-21,1,1,lsa,0,0,0,0,0,0,0,0,0,0,0,0,0,0,0,0,0,0,0,0
1m7gbdv,https://www.reddit.com/r/LawFirm/comments/1m7gbdv/,2025-07-23,1,1,lead_gen,1,0,1,0,0,0,0,0,0,0,0,0,0,0,0,0,0,0,1,1
1m7siye,https://www.reddit.com/r/LawFirm/comments/1m7siye/,2025-07-24,1,1,website,1,0,0,1,1,0,0,0,0,0,0,0,0,0,0,0,0,0,0,0
1mcjjx6,https://www.reddit.com/r/LawFirm/comments/1mcjjx6/,2025-07-29,1,1,mixed,0,1,0,1,0,0,0,0,0,0,0,0,0,0,0,0,0,0,0,0
1mqdlkr,https://www.reddit.com/r/LawFirm/comments/1mqdlkr/,2025-08-14,1,1,mixed,0,0,0,0,1,0,0,0,0,0,0,0,0,0,0,0,0,0,0,0
1mrvsrs,https://www.reddit.com/r/LawFirm/comments/1mrvsrs/,2025-08-16,0,0,unclear,0,0,0,0,0,0,0,0,0,0,0,0,0,0,0,0,0,0,0,0
1mttosi,https://www.reddit.com/r/LawFirm/comments/1mttosi/,2025-08-18,1,1,mixed,1,0,0,1,0,1,0,0,0,0,0,0,0,0,0,0,0,0,0,0
1mwfv69,https://www.reddit.com/r/LawFirm/comments/1mwfv69/,2025-08-21,0,0,unclear,1,0,0,0,0,0,0,0,0,0,0,0,0,0,0,0,0,0,0,0
1mvxy28,https://www.reddit.com/r/LawFirm/comments/1mvxy28/,2025-08-21,1,1,mixed,0,0,0,0,0,0,0,0,0,0,0,0,0,0,0,0,0,0,0,0
1n5pono,https://www.reddit.com/r/LawFirm/comments/1n5pono/,2025-09-01,1,1,mixed,1,0,0,0,0,0,0,0,0,0,0,0,0,0,0,0,0,0,0,0
1n90vwp,https://www.reddit.com/r/LawFirm/comments/1n90vwp/,2025-09-05,1,1,lsa,1,0,0,1,0,0,0,0,0,0,0,0,0,0,0,0,0,0,0,0
1na6hei,https://www.reddit.com/r/LawFirm/comments/1na6hei/,2025-09-06,1,1,seo,0,0,0,0,0,0,0,0,0,0,0,0,0,0,0,0,0,0,0,0
1nacdzg,https://www.reddit.com/r/LawFirm/comments/1nacdzg/,2025-09-06,0,0,unclear,0,0,0,0,0,0,0,0,0,0,0,0,0,0,0,0,0,0,0,0
1n9svpp,https://www.reddit.com/r/LawFirm/comments/1n9svpp/,2025-09-06,1,1,mixed,1,0,0,0,0,0,1,0,1,0,0,0,0,0,0,0,0,1,0,1
1npndu5,https://www.reddit.com/r/LawFirm/comments/1npndu5/,2025-09-24,1,1,seo,1,0,0,0,0,0,0,0,0,0,0,0,0,0,0,0,0,0,0,0
1nqcjop,https://www.reddit.com/r/LawFirm/comments/1nqcjop/,2025-09-25,0,0,unclear,0,0,0,0,0,0,0,0,0,0,0,0,0,0,0,0,0,0,0,0
1nrurxq,https://www.reddit.com/r/LawFirm/comments/1nrurxq/,2025-09-27,1,1,seo,0,0,0,0,0,0,0,0,0,0,0,0,0,0,0,0,0,0,0,0
1nsb272,https://www.reddit.com/r/LawFirm/comments/1nsb272/,2025-09-28,1,0,google_ads,0,0,0,0,0,0,0,0,0,0,0,0,0,0,0,0,0,0,0,0
1ntvxqb,https://www.reddit.com/r/LawFirm/comments/1ntvxqb/,2025-09-29,1,1,mixed,1,0,1,0,0,0,0,0,0,0,0,0,0,0,0,0,0,0,0,0
1nud5ts,https://www.reddit.com/r/LawFirm/comments/1nud5ts/,2025-09-30,1,1,seo,0,0,0,0,0,0,0,0,0,0,0,0,0,0,0,0,0,0,0,0
1nvw288,https://www.reddit.com/r/LawFirm/comments/1nvw288/,2025-10-02,0,0,unclear,0,0,0,0,0,0,0,0,0,0,0,0,0,0,0,0,0,0,0,0
1o2oxm0,https://www.reddit.com/r/LawFirm/comments/1o2oxm0/,2025-10-10,1,1,seo,1,0,0,0,1,0,0,0,0,0,1,0,0,0,0,0,0,0,0,0
1o5j0ol,https://www.reddit.com/r/LawFirm/comments/1o5j0ol/,2025-10-13,1,1,lsa,0,1,1,0,0,0,0,0,0,0,0,0,0,0,0,0,0,0,0,0
1o6qp7y,https://www.reddit.com/r/LawFirm/comments/1o6qp7y/,2025-10-14,1,1,mixed,0,1,1,0,0,0,0,0,0,0,0,0,0,0,0,0,0,0,0,0
1o7ur0m,https://www.reddit.com/r/LawFirm/comments/1o7ur0m/,2025-10-16,1,1,mixed,1,1,0,0,0,1,1,0,1,0,0,0,0,0,0,1,0,0,0,0
1o8njrf,https://www.reddit.com/r/LawFirm/comments/1o8njrf/,2025-10-17,1,1,seo,0,0,0,0,0,0,0,0,0,0,0,0,0,0,0,0,0,0,0,0
1ocyjgj,https://www.reddit.com/r/LawFirm/comments/1ocyjgj/,2025-10-22,1,1,lead_gen,1,0,1,0,0,0,0,0,0,0,0,0,0,0,0,0,0,0,0,0
1ojj39o,https://www.reddit.com/r/LawFirm/comments/1ojj39o/,2025-10-29,1,1,lsa,0,1,1,0,0,1,0,0,0,0,0,0,0,0,0,0,0,1,0,0
1owg7c2,https://www.reddit.com/r/LawFirm/comments/1owg7c2/,2025-11-13,1,1,google_ads,1,0,1,0,0,0,0,0,0,0,0,0,0,0,0,0,0,0,0,0
1owzh5w,https://www.reddit.com/r/LawFirm/comments/1owzh5w/,2025-11-14,1,0,seo,0,0,0,0,0,0,0,0,0,0,0,0,0,0,0,0,0,0,0,0
1p6qp60,https://www.reddit.com/r/LawFirm/comments/1p6qp60/,2025-11-25,1,1,mixed,1,0,0,0,0,1,0,0,0,0,0,0,0,0,0,1,0,0,0,0
1pdgbgo,https://www.reddit.com/r/LawFirm/comments/1pdgbgo/,2025-12-03,0,0,unclear,0,0,0,0,0,0,0,0,0,0,0,0,0,0,0,0,0,0,0,0
1pdaojl,https://www.reddit.com/r/LawFirm/comments/1pdaojl/,2025-12-03,1,0,lead_gen,1,0,0,0,0,0,0,0,0,0,0,0,0,0,0,0,0,0,0,0
1pdowlo,https://www.reddit.com/r/LawFirm/comments/1pdowlo/,2025-12-04,1,1,lsa,0,0,1,0,0,0,0,0,0,0,0,0,0,0,0,1,0,0,0,0
1pfqarj,https://www.reddit.com/r/LawFirm/comments/1pfqarj/,2025-12-06,1,1,seo,0,0,0,0,0,0,0,0,0,0,0,0,0,0,0,0,0,0,0,0
1pp11hg,https://www.reddit.com/r/LawFirm/comments/1pp11hg/,2025-12-17,1,1,lead_gen,1,1,1,0,0,0,0,0,0,0,0,0,0,0,0,0,0,0,0,0
1ptvc19,https://www.reddit.com/r/LawFirm/comments/1ptvc19/,2025-12-23,0,0,mixed,1,0,0,0,0,0,0,0,0,0,0,0,0,0,0,0,0,0,0,0
1pu35i1,https://www.reddit.com/r/LawFirm/comments/1pu35i1/,2025-12-23,1,1,lsa,0,0,0,1,0,0,0,0,0,0,0,0,0,0,0,0,0,0,0,0
1pwb3dj,https://www.reddit.com/r/LawFirm/comments/1pwb3dj/,2025-12-26,0,0,unclear,0,0,0,0,0,0,0,0,0,0,0,0,0,0,0,0,0,0,0,0
1pwzmxk,https://www.reddit.com/r/LawFirm/comments/1pwzmxk/,2025-12-27,0,0,unclear,1,0,0,0,0,0,0,0,0,0,0,0,0,0,0,0,0,0,0,0
1py4kva,https://www.reddit.com/r/LawFirm/comments/1py4kva/,2025-12-28,1,1,unclear,1,0,0,0,0,0,0,0,0,0,0,1,0,0,0,0,0,0,0,0
1py6702,https://www.reddit.com/r/LawFirm/comments/1py6702/,2025-12-28,0,0,unclear,1,0,0,0,0,0,0,0,0,0,0,0,0,0,0,0,0,0,0,0
1qb8oll,https://www.reddit.com/r/LawFirm/comments/1qb8oll/,2026-01-12,1,1,google_ads,0,0,0,0,0,0,0,0,0,0,0,0,0,0,0,0,0,0,0,0
1qdqd69,https://www.reddit.com/r/LawFirm/comments/1qdqd69/,2026-01-15,1,1,social,1,1,1,1,0,0,0,0,0,0,0,0,0,0,0,0,0,0,0,0
1qfpju0,https://www.reddit.com/r/LawFirm/comments/1qfpju0/,2026-01-17,1,1,mixed,1,0,0,0,0,0,0,0,0,1,0,0,0,0,0,0,0,0,0,0
1qg47d4,https://www.reddit.com/r/LawFirm/comments/1qg47d4/,2026-01-18,1,0,mixed,0,0,0,0,0,0,0,0,0,0,0,0,0,0,0,0,0,0,0,0
1qhm9fk,https://www.reddit.com/r/LawFirm/comments/1qhm9fk/,2026-01-20,1,1,mixed,1,0,0,0,0,0,0,0,0,0,0,0,0,0,0,0,0,0,0,0
1qku2fm,https://www.reddit.com/r/LawFirm/comments/1qku2fm/,2026-01-23,1,0,website,0,0,0,0,0,0,0,0,0,0,0,0,0,0,0,0,0,0,0,0
1qpn4yx,https://www.reddit.com/r/LawFirm/comments/1qpn4yx/,2026-01-28,0,0,unclear,1,0,0,0,0,0,0,0,0,0,0,0,0,0,0,0,0,0,0,0
1qrhjld,https://www.reddit.com/r/LawFirm/comments/1qrhjld/,2026-01-30,1,1,seo,1,0,0,0,0,0,0,0,0,0,0,0,0,0,0,0,0,0,0,0
1qt7agw,https://www.reddit.com/r/LawFirm/comments/1qt7agw/,2026-02-01,1,1,mixed,1,0,0,0,0,0,0,0,0,0,0,0,0,0,0,0,0,0,0,0
1qv3226,https://www.reddit.com/r/LawFirm/comments/1qv3226/,2026-02-03,0,0,unclear,1,0,0,0,0,0,0,0,0,0,0,0,0,0,0,0,0,0,0,0
1r6aqvj,https://www.reddit.com/r/LawFirm/comments/1r6aqvj/,2026-02-16,1,1,mixed,1,0,0,1,0,0,0,0,0,0,0,0,0,0,0,0,0,0,0,0
1r62dyf,https://www.reddit.com/r/LawFirm/comments/1r62dyf/,2026-02-16,1,0,lead_gen,0,0,0,0,0,0,0,0,0,0,0,0,0,0,0,0,0,0,0,0
1r6h444,https://www.reddit.com/r/LawFirm/comments/1r6h444/,2026-02-16,1,1,seo,1,1,0,0,0,1,0,0,0,0,0,0,0,0,0,0,0,0,0,0
1r8fcet,https://www.reddit.com/r/LawFirm/comments/1r8fcet/,2026-02-18,1,1,mixed,0,1,1,0,0,0,0,0,0,0,0,0,0,0,0,0,0,0,0,0
1raxhqf,https://www.reddit.com/r/LawFirm/comments/1raxhqf/,2026-02-21,1,1,lead_gen,0,0,0,0,0,0,0,0,0,0,0,0,0,0,0,0,0,0,0,0
1rau97t,https://www.reddit.com/r/LawFirm/comments/1rau97t/,2026-02-21,1,1,seo,1,1,0,0,1,0,0,0,1,0,0,0,0,1,0,0,0,0,0,0
1raxorg,https://www.reddit.com/r/LawFirm/comments/1raxorg/,2026-02-21,1,1,mixed,0,0,0,0,0,0,0,0,0,0,0,0,0,0,0,0,0,0,0,0
1rbqw0m,https://www.reddit.com/r/LawFirm/comments/1rbqw0m/,2026-02-22,1,1,mixed,0,0,0,0,0,0,0,0,0,0,0,0,0,0,0,0,0,0,0,0
1rcu9sc,https://www.reddit.com/r/LawFirm/comments/1rcu9sc/,2026-02-23,1,0,mixed,0,0,0,0,0,0,0,0,0,0,0,0,0,0,0,0,0,0,0,0
1rdtync,https://www.reddit.com/r/LawFirm/comments/1rdtync/,2026-02-24,1,1,mixed,1,1,1,0,0,0,0,0,0,0,0,0,0,0,0,0,0,0,0,0
1ri0vi4,https://www.reddit.com/r/LawFirm/comments/1ri0vi4/,2026-03-01,1,0,mixed,0,0,0,0,0,0,0,0,0,0,0,0,0,0,0,0,0,0,0,0
1rlqi7o,https://www.reddit.com/r/LawFirm/comments/1rlqi7o/,2026-03-05,1,0,seo,1,0,0,0,0,0,0,0,0,0,0,0,0,0,0,0,0,0,0,0
1ro4p7r,https://www.reddit.com/r/LawFirm/comments/1ro4p7r/,2026-03-08,1,1,mixed,0,1,0,0,0,0,0,0,0,0,0,1,0,0,0,0,0,0,0,0
1roy221,https://www.reddit.com/r/LawFirm/comments/1roy221/,2026-03-09,1,0,mixed,1,0,0,0,0,0,0,0,0,0,0,0,0,0,0,0,0,0,0,0
1rozp7q,https://www.reddit.com/r/LawFirm/comments/1rozp7q/,2026-03-09,1,0,mixed,1,0,0,0,0,0,0,0,0,0,0,0,0,0,0,0,0,0,0,0
1rvdl95,https://www.reddit.com/r/LawFirm/comments/1rvdl95/,2026-03-16,1,0,lsa,0,0,0,0,0,0,0,0,0,0,0,0,0,0,0,0,0,0,0,0
1rwpfw5,https://www.reddit.com/r/LawFirm/comments/1rwpfw5/,2026-03-18,1,1,seo,1,0,0,0,0,0,0,0,0,0,0,0,0,0,0,0,0,0,0,0
1s1sx8r,https://www.reddit.com/r/LawFirm/comments/1s1sx8r/,2026-03-23,0,0,unclear,1,0,0,0,0,0,0,0,0,0,0,0,0,0,0,0,0,0,0,0
1s3rm7i,https://www.reddit.com/r/LawFirm/comments/1s3rm7i/,2026-03-25,0,0,unclear,0,0,0,0,0,0,0,0,0,0,0,0,0,0,0,0,0,0,0,0
1s5l696,https://www.reddit.com/r/LawFirm/comments/1s5l696/,2026-03-28,1,0,mixed,1,0,0,0,0,0,0,0,0,0,0,0,0,0,0,0,0,0,0,0
1s86225,https://www.reddit.com/r/LawFirm/comments/1s86225/,2026-03-30,1,0,google_ads,0,0,0,0,0,0,0,0,0,0,0,0,0,0,0,0,0,0,0,0
1sanhvc,https://www.reddit.com/r/LawFirm/comments/1sanhvc/,2026-04-02,1,1,mixed,0,0,1,0,0,0,0,0,0,0,0,1,0,0,0,0,0,0,0,0
1sjnnj8,https://www.reddit.com/r/LawFirm/comments/1sjnnj8/,2026-04-12,1,1,seo,1,1,0,0,0,1,0,0,0,0,0,0,0,0,0,0,0,0,0,0
1snie2u,https://www.reddit.com/r/LawFirm/comments/1snie2u/,2026-04-16,1,1,mixed,1,1,0,0,1,1,1,1,1,0,1,0,0,0,0,0,0,0,0,0
1spl3km,https://www.reddit.com/r/LawFirm/comments/1spl3km/,2026-04-19,1,1,mixed,1,1,0,0,1,0,0,0,0,0,0,0,0,0,0,0,0,0,0,0
1sr3eqc,https://www.reddit.com/r/LawFirm/comments/1sr3eqc/,2026-04-20,0,0,unclear,1,0,0,0,0,0,0,0,0,0,0,0,0,0,0,0,0,0,0,0
1sri11e,https://www.reddit.com/r/LawFirm/comments/1sri11e/,2026-04-21,1,1,mixed,1,0,0,0,1,1,0,0,0,0,0,0,0,0,0,0,0,0,0,0
1srpv79,https://www.reddit.com/r/LawFirm/comments/1srpv79/,2026-04-21,1,1,mixed,0,0,0,1,0,0,0,0,0,0,0,0,0,0,0,0,0,0,0,0
1swnu0j,https://www.reddit.com/r/LawFirm/comments/1swnu0j/,2026-04-27,1,1,lsa,0,0,1,1,0,0,0,0,0,0,0,0,0,0,0,0,0,0,0,0
1sy6kb0,https://www.reddit.com/r/LawFirm/comments/1sy6kb0/,2026-04-28,1,1,website,0,0,1,0,1,0,0,0,0,0,0,0,0,0,0,0,0,1,0,0
1sz5qdw,https://www.reddit.com/r/LawFirm/comments/1sz5qdw/,2026-04-29,1,0,lead_gen,0,0,0,0,0,0,0,0,0,0,0,0,0,0,0,0,0,0,0,0
1szkjqv,https://www.reddit.com/r/LawFirm/comments/1szkjqv/,2026-04-30,1,0,seo,1,0,0,0,0,0,0,0,0,0,0,0,0,0,0,0,0,0,0,0
1t1heof,https://www.reddit.com/r/LawFirm/comments/1t1heof/,2026-05-02,1,1,seo,1,1,0,0,0,0,0,0,0,0,0,0,0,0,0,0,0,0,0,0
1t3n5ir,https://www.reddit.com/r/LawFirm/comments/1t3n5ir/,2026-05-04,1,0,mixed,1,0,0,0,0,0,0,0,0,0,0,0,0,0,0,0,0,0,0,0
1t4n897,https://www.reddit.com/r/LawFirm/comments/1t4n897/,2026-05-05,1,1,seo,1,1,0,0,1,0,0,0,0,0,0,0,0,0,0,0,0,1,0,0
1t7g5s4,https://www.reddit.com/r/LawFirm/comments/1t7g5s4/,2026-05-08,1,1,seo,1,1,1,1,1,0,0,0,0,0,0,0,0,0,0,0,0,0,0,0
1t8s9b1,https://www.reddit.com/r/LawFirm/comments/1t8s9b1/,2026-05-10,1,0,seo,1,0,0,0,0,0,0,0,0,0,0,0,0,0,0,0,0,0,0,0
1tc3j8p,https://www.reddit.com/r/LawFirm/comments/1tc3j8p/,2026-05-13,1,1,lsa,0,1,1,0,0,0,0,0,0,0,0,0,1,0,0,0,0,0,0,0
1tdbssc,https://www.reddit.com/r/LawFirm/comments/1tdbssc/,2026-05-14,1,0,google_ads,1,0,0,0,0,0,0,0,0,0,0,0,0,0,0,0,0,0,0,0
1tgca3y,https://www.reddit.com/r/LawFirm/comments/1tgca3y/,2026-05-18,0,0,unclear,1,0,0,0,0,0,0,0,0,0,0,0,0,0,0,0,0,0,0,0
1tjm45o,https://www.reddit.com/r/LawFirm/comments/1tjm45o/,2026-05-21,1,1,mixed,1,1,0,0,0,1,1,1,0,1,0,0,0,0,0,0,0,0,0,0
1tko2ez,https://www.reddit.com/r/LawFirm/comments/1tko2ez/,2026-05-22,1,1,lsa,0,1,1,1,1,0,0,0,0,0,0,0,0,0,0,0,0,0,0,0
1tl2twy,https://www.reddit.com/r/LawFirm/comments/1tl2twy/,2026-05-23,1,0,seo,1,0,0,0,0,0,0,0,0,0,0,0,0,0,0,0,0,0,0,0
1tra62x,https://www.reddit.com/r/LawFirm/comments/1tra62x/,2026-05-29,1,0,mixed,1,0,0,0,0,0,0,0,0,0,0,0,0,0,0,0,0,0,0,0
1tryqpb,https://www.reddit.com/r/LawFirm/comments/1tryqpb/,2026-05-30,1,1,seo,0,0,0,0,0,0,0,0,0,0,0,0,0,0,0,0,0,0,0,0
1ty3mdg,https://www.reddit.com/r/LawFirm/comments/1ty3mdg/,2026-06-06,0,0,unclear,0,0,0,0,0,0,0,0,0,0,0,0,0,0,0,0,0,0,0,0
1tzvga2,https://www.reddit.com/r/LawFirm/comments/1tzvga2/,2026-06-08,0,0,unclear,0,0,0,0,0,0,0,0,0,0,0,0,0,0,0,0,0,0,0,0
1u19qb0,https://www.reddit.com/r/LawFirm/comments/1u19qb0/,2026-06-09,1,1,lead_gen,0,0,1,0,0,0,0,0,0,0,0,0,0,0,0,0,0,0,0,0
1u53arm,https://www.reddit.com/r/LawFirm/comments/1u53arm/,2026-06-13,0,1,google_ads,0,0,0,0,0,0,0,0,0,0,0,0,0,0,0,0,0,0,0,0
1u6wnyu,https://www.reddit.com/r/LawFirm/comments/1u6wnyu/,2026-06-15,1,0,google_ads,0,0,0,0,0,0,0,0,0,0,0,0,0,0,0,0,0,0,0,0
1u7vq3h,https://www.reddit.com/r/LawFirm/comments/1u7vq3h/,2026-06-17,1,0,unclear,0,0,0,0,0,0,0,0,0,0,0,0,0,0,0,0,0,0,0,0
1u8nmsy,https://www.reddit.com/r/LawFirm/comments/1u8nmsy/,2026-06-17,1,1,google_ads,1,0,1,0,0,0,0,0,0,0,0,0,0,0,0,0,0,0,0,0
1u8ytcz,https://www.reddit.com/r/LawFirm/comments/1u8ytcz/,2026-06-18,1,1,mixed,0,0,0,1,0,0,0,0,0,0,0,0,0,0,0,0,0,0,0,0
1unwyed,https://www.reddit.com/r/LawFirm/comments/1unwyed/,2026-07-05,0,0,seo,1,0,0,0,0,0,0,0,0,0,0,0,0,0,0,0,0,0,0,0
1upjs9e,https://www.reddit.com/r/LawFirm/comments/1upjs9e/,2026-07-07,1,0,mixed,1,0,0,0,0,0,0,0,0,0,0,0,0,0,0,0,0,0,0,0
1v1rwsf,https://www.reddit.com/r/LawFirm/comments/1v1rwsf/,2026-07-20,0,0,unclear,1,0,0,0,0,0,0,0,0,0,0,0,0,0,0,0,0,0,0,0
1v3a1aj,https://www.reddit.com/r/LawFirm/comments/1v3a1aj/,2026-07-22,1,1,mixed,1,0,0,1,1,0,1,1,0,0,0,0,0,0,0,0,0,0,0,1
1v4h5z2,https://www.reddit.com/r/LawFirm/comments/1v4h5z2/,2026-07-23,0,1,mixed,1,0,0,0,0,0,0,0,0,0,0,0,0,0,0,0,0,0,0,0
1v78j1u,https://www.reddit.com/r/LawFirm/comments/1v78j1u/,2026-07-26,1,1,lsa,0,0,1,0,0,0,0,0,0,0,0,0,0,0,0,0,0,0,0,0
1v6zay0,https://www.reddit.com/r/LawFirm/comments/1v6zay0/,2026-07-26,1,0,google_ads,1,0,0,0,0,0,0,0,0,0,0,0,0,0,0,0,0,0,0,0
1vbkq4x,https://www.reddit.com/r/LawFirm/comments/1vbkq4x/,2026-07-31,0,0,unclear,1,0,0,0,0,0,0,0,0,0,0,0,0,0,0,0,0,0,0,0
1vc5f1f,https://www.reddit.com/r/LawFirm/comments/1vc5f1f/,2026-07-31,1,1,mixed,1,0,0,0,0,0,0,0,0,0,0,0,0,0,0,0,0,0,0,0
1vc04t8,https://www.reddit.com/r/LawFirm/comments/1vc04t8/,2026-07-31,1,0,lsa,1,0,0,0,0,0,0,0,0,0,0,0,0,0,0,0,0,0,0,0
1vc95fq,https://www.reddit.com/r/LawFirm/comments/1vc95fq/,2026-08-01,1,0,mixed,0,0,0,0,0,0,0,0,0,0,0,0,0,0,0,0,0,0,0,0
1vei0yx,https://www.reddit.com/r/LawFirm/comments/1vei0yx/,2026-08-03,1,1,google_ads,0,0,0,0,0,0,0,0,0,0,0,0,0,0,0,0,0,0,0,0
1vgxqg6,https://www.reddit.com/r/LawFirm/comments/1vgxqg6/,2026-08-06,1,1,seo,1,0,1,0,0,0,0,0,0,0,0,0,0,0,0,0,0,0,0,0
1vtwseb,https://www.reddit.com/r/LawFirm/comments/1vtwseb/,2026-08-20,0,0,lsa,0,0,0,0,0,0,0,0,0,0,0,0,0,0,0,0,0,0,0,0
1vxc7ix,https://www.reddit.com/r/LawFirm/comments/1vxc7ix/,2026-08-24,0,0,unclear,0,0,0,0,0,0,0,0,0,0,0,0,0,0,0,0,0,0,0,0
1vy0mpf,https://www.reddit.com/r/LawFirm/comments/1vy0mpf/,2026-08-25,1,1,lead_gen,0,1,1,0,0,0,0,0,0,0,1,0,0,0,0,0,0,0,0,0
1w1uftc,https://www.reddit.com/r/LawFirm/comments/1w1uftc/,2026-08-29,1,0,google_ads,1,0,0,0,0,0,0,0,0,0,0,0,0,0,0,0,0,0,0,0
1w67ucd,https://www.reddit.com/r/LawFirm/comments/1w67ucd/,2026-09-03,1,1,google_ads,0,0,0,0,0,0,0,0,0,0,0,0,1,0,0,0,0,0,0,0
1w7lqbq,https://www.reddit.com/r/LawFirm/comments/1w7lqbq/,2026-09-05,1,1,lead_gen,0,1,0,1,0,0,0,0,0,0,0,0,0,0,0,0,0,0,0,0
1wj3dwc,https://www.reddit.com/r/LawFirm/comments/1wj3dwc/,2026-09-17,1,0,mixed,1,0,0,0,0,0,0,0,0,0,0,0,0,0,0,0,0,0,0,0
1wpzdui,https://www.reddit.com/r/LawFirm/comments/1wpzdui/,2026-09-25,1,1,seo,1,1,1,1,1,0,0,0,0,0,0,0,0,0,0,0,0,0,0,0
1wtsdw3,https://www.reddit.com/r/LawFirm/comments/1wtsdw3/,2026-09-30,1,1,seo,0,1,0,0,1,0,0,0,0,0,0,0,0,0,0,0,0,0,0,0
1ww56fq,https://www.reddit.com/r/LawFirm/comments/1ww56fq/,2026-10-02,0,0,unclear,0,0,0,0,0,0,0,0,0,0,0,0,0,0,0,0,0,0,0,0
1wxv6xi,https://www.reddit.com/r/LawFirm/comments/1wxv6xi/,2026-10-05,1,1,mixed,0,0,0,0,0,0,0,0,0,0,0,0,0,0,0,0,1,0,0,0
